requirement,label
"The system shall allow users to log in using multi-factor authentication within 3 seconds.",High
"The system shall encrypt all customer information using AES-256 encryption.",High
"The system shall generate monthly financial reports in PDF format.",High
"The system shall store employee records in a secure database.",High
"The system shall allow administrators to create user accounts.",High
"The system shall allow administrators to update user accounts.",High
"The system shall allow administrators to delete user accounts.",High
"The system shall process online payments within 5 seconds.",High
"The system shall validate email addresses before registration.",High
"The system shall provide OTP verification during password reset.",High
"The system shall maintain an audit log for every transaction.",High
"The system shall back up the database every 24 hours.",High
"The system shall allow customers to search products by category.",High
"The system shall allow customers to filter products by price.",High
"The system shall generate invoices after successful payment.",High
"The system shall notify users through email after registration.",High
"The system shall allow employees to update attendance records.",High
"The system shall restrict unauthorized access using role-based access control.",High
"The system shall authenticate users before granting access.",High
"The system shall allow customers to cancel orders before shipment.",High
"The system shall generate sales reports every week.",High
"The system shall allow students to register for courses online.",High
"The system shall allow teachers to upload assignments.",High
"The system shall allow students to download study materials.",High
"The system shall process search requests within 2 seconds.",High
"The system shall maintain 99.9% availability.",High
"The system shall encrypt passwords before storing them.",High
"The system shall allow librarians to issue books.",High
"The system shall allow librarians to return books.",High
"The system shall notify users before password expiration.",High
"The system shall allow managers to approve leave requests.",High
"The system shall maintain transaction history for five years.",High
"The system shall generate payroll reports monthly.",High
"The system shall allow patients to book appointments online.",High
"The system shall allow doctors to update medical records.",High
"The system shall securely store medical history.",High
"The system shall verify user identity before account deletion.",High
"The system shall automatically log out inactive users after 15 minutes.",High
"The system shall support secure HTTPS communication.",High
"The system shall validate uploaded documents before storage.",High
"The system shall allow users to change passwords securely.",High
"The system shall record login attempts for security auditing.",High
"The system shall allow administrators to monitor system activity.",High
"The system shall recover automatically after unexpected failures.",High
"The system shall generate inventory reports daily.",High
"The system shall allow customers to track shipment status.",High
"The system shall provide search suggestions while typing.",High
"The system shall store transaction logs securely.",High
"The system shall support concurrent access for 1000 users.",High
"The system shall verify payment confirmation before order processing.",High
"The system should be fast and user friendly.",Low
"The application should provide good performance.",Low
"The software should work properly for users.",Low
"The system should be easy to use.",Low
"The application should respond quickly.",Low
"The software should have better security.",Low
"The system should be efficient.",Low
"The application should process requests soon.",Low
"The software should provide many reports.",Low
"The system should support large databases.",Low
"The application should work in most situations.",Low
"The software should provide appropriate functionality.",Low
"The system should have sufficient storage.",Low
"The application should offer good usability.",Low
"The software should perform better than existing systems.",Low
"The system should have proper validation.",Low
"The application should be simple and efficient.",Low
"The software should load quickly.",Low
"The system should support many users.",Low
"The application should provide better search.",Low
"The software should be easy for everyone.",Low
"The system should generate reports quickly.",Low
"The application should be good for organizations.",Low
"The software should be highly efficient.",Low
"The system should provide proper backup.",Low
"The application should have appropriate security.",Low
"The software should perform well.",Low
"The system should respond in a fast manner.",Low
"The application should provide good authentication.",Low
"The software should be user friendly.",Low
"The system should be flexible.",Low
"The application should support large files.",Low
"The software should offer better performance.",Low
"The system should work correctly.",Low
"The application should provide enough storage.",Low
"The software should operate properly.",Low
"The system should have good reliability.",Low
"The application should support many transactions.",Low
"The software should improve efficiency.",Low
"The system should give quick results.",Low
"The application should be simple.",Low
"The software should have good response.",Low
"The system should provide appropriate reports.",Low
"The application should be easy for beginners.",Low
"The software should support large organizations.",Low
"The system should perform well under load.",Low
"The application should have better monitoring.",Low
"The software should be good and efficient.",Low
"The system should respond soon.",Low
"The application should be appropriate for business needs.",Low
"The system shall allow customers to update their profile information securely.",High
"The system shall notify administrators when unauthorized access is detected.",High
"The system shall validate all mandatory fields before form submission.",High
"The system shall allow users to reset passwords using OTP verification.",High
"The system shall encrypt all communication using HTTPS protocols.",High
"The system shall allow managers to approve expense claims.",High
"The system shall generate daily attendance reports automatically.",High
"The system shall allow users to export reports in PDF format.",High
"The system shall store customer feedback securely.",High
"The system shall provide role-based dashboard access.",High
"The system shall maintain system logs for one year.",High
"The system shall verify uploaded files before saving.",High
"The system shall allow users to schedule appointments online.",High
"The system shall notify users of successful transactions.",High
"The system shall process refund requests within 5 seconds.",High
"The system shall allow employees to submit leave applications.",High
"The system shall authenticate API requests using secure tokens.",High
"The system shall maintain data consistency during transactions.",High
"The system shall prevent duplicate account creation.",High
"The system shall automatically archive completed records.",High
"The system shall allow users to search invoices by invoice number.",High
"The system shall maintain database backups every 12 hours.",High
"The system shall restrict password reuse for the last five passwords.",High
"The system shall generate audit reports monthly.",High
"The system shall allow administrators to assign user roles.",High
"The system shall verify mobile numbers during registration.",High
"The system shall support simultaneous access for 500 users.",High
"The system shall display error messages for invalid inputs.",High
"The system shall store uploaded documents securely.",High
"The system shall record every failed login attempt.",High
"The system shall allow customers to update shipping addresses.",High
"The system shall process inventory updates immediately after sales.",High
"The system shall allow administrators to deactivate inactive accounts.",High
"The system shall validate payment transactions before confirmation.",High
"The system shall notify users when passwords are changed.",High
"The system shall allow users to download account statements.",High
"The system shall maintain transaction records for auditing purposes.",High
"The system shall support automatic database recovery after failures.",High
"The system shall allow doctors to prescribe medicines electronically.",High
"The system shall notify patients about upcoming appointments.",High
"The system shall allow librarians to reserve books.",High
"The system shall generate overdue book reports daily.",High
"The system shall allow teachers to publish examination results.",High
"The system shall allow students to view academic progress.",High
"The system shall encrypt sensitive documents before storage.",High
"The system shall validate session tokens before granting access.",High
"The system shall support secure password hashing.",High
"The system shall allow administrators to monitor server status.",High
"The system shall generate user activity reports weekly.",High
"The system shall maintain 99.95% service availability.",High
"The system should provide better data management.",Low
"The application should work fast under heavy load.",Low
"The software should have good reporting features.",Low
"The system should provide enough security.",Low
"The application should be simple to maintain.",Low
"The software should be user friendly for all users.",Low
"The system should support many devices.",Low
"The application should give better search results.",Low
"The software should process information quickly.",Low
"The system should have proper authentication.",Low
"The application should be flexible for future changes.",Low
"The software should perform efficiently.",Low
"The system should support large-scale operations.",Low
"The application should be easy to understand.",Low
"The software should provide appropriate notifications.",Low
"The system should offer good reliability.",Low
"The application should have better response time.",Low
"The software should work properly on all browsers.",Low
"The system should support enough storage.",Low
"The application should perform better during peak hours.",Low
"The software should allow quick processing.",Low
"The system should be good for hospitals.",Low
"The application should support many customers.",Low
"The software should have simple navigation.",Low
"The system should provide efficient communication.",Low
"The application should work smoothly.",Low
"The software should be appropriate for business use.",Low
"The system should provide sufficient backups.",Low
"The application should generate reports quickly.",Low
"The software should support large transactions.",Low
"The system should improve overall productivity.",Low
"The application should have good monitoring.",Low
"The software should provide better scalability.",Low
"The system should be easy for administrators.",Low
"The application should process requests efficiently.",Low
"The software should support proper documentation.",Low
"The system should provide better alerts.",Low
"The application should work correctly all the time.",Low
"The software should support enough users.",Low
"The system should have appropriate recovery mechanisms.",Low
"The application should improve performance.",Low
"The software should provide quick notifications.",Low
"The system should support many file formats.",Low
"The application should be simple for new users.",Low
"The software should work efficiently with databases.",Low
"The system should offer better flexibility.",Low
"The application should provide proper logging.",Low
"The software should have good availability.",Low
"The system should respond faster.",Low
"The application should be sufficient for organizational needs.",Low
"The system shall allow administrators to approve user registration requests.",High
"The system shall notify users immediately after successful payment.",High
"The system shall generate weekly inventory reports automatically.",High
"The system shall validate all uploaded images before storage.",High
"The system shall allow customers to view complete order history.",High
"The system shall store audit logs for a minimum of five years.",High
"The system shall encrypt backup files before cloud storage.",High
"The system shall automatically deactivate inactive accounts after 180 days.",High
"The system shall allow employees to submit reimbursement requests online.",High
"The system shall verify invoice numbers before payment processing.",High
"The system shall provide secure password recovery using email verification.",High
"The system shall generate monthly tax reports in PDF format.",High
"The system shall maintain database consistency during concurrent transactions.",High
"The system shall allow administrators to reset user passwords securely.",High
"The system shall notify managers when inventory falls below the threshold.",High
"The system shall validate customer phone numbers before registration.",High
"The system shall support secure REST API authentication using OAuth 2.0.",High
"The system shall process refund requests within two business days.",High
"The system shall maintain detailed logs for every administrative action.",High
"The system shall allow users to download purchase receipts.",High
"The system shall restrict access to confidential records based on user roles.",High
"The system shall automatically archive completed projects.",High
"The system shall notify students when examination results are published.",High
"The system shall allow teachers to update course materials online.",High
"The system shall generate attendance reports at the end of each week.",High
"The system shall securely store biometric authentication data.",High
"The system shall validate payment gateway responses before confirmation.",High
"The system shall display customized dashboards based on user roles.",High
"The system shall maintain 99.99% server uptime.",High
"The system shall support automatic failover during server failures.",High
"The system shall generate customer invoices immediately after order confirmation.",High
"The system shall allow librarians to renew borrowed books online.",High
"The system shall notify users before subscription expiration.",High
"The system shall encrypt confidential documents using AES-256.",High
"The system shall validate uploaded files against malware before saving.",High
"The system shall automatically synchronize data every five minutes.",High
"The system shall provide multilingual support for English and Hindi.",High
"The system shall maintain complete transaction history.",High
"The system shall generate user login statistics every month.",High
"The system shall prevent duplicate invoice generation.",High
"The system shall allow administrators to assign department-specific permissions.",High
"The system shall securely store customer payment information.",High
"The system shall notify patients through SMS before appointments.",High
"The system shall verify OTP codes within 60 seconds.",High
"The system shall allow users to filter reports by date range.",High
"The system shall support concurrent access for up to 2000 users.",High
"The system shall generate daily backup completion reports.",High
"The system shall validate mandatory fields before record submission.",High
"The system shall securely delete temporary files after processing.",High
"The system shall maintain data integrity during import operations.",High
"The application should provide better security mechanisms.",Low
"The software should process information very quickly.",Low
"The system should provide enough reliability.",Low
"The application should support more users.",Low
"The software should have good usability.",Low
"The system should generate reports faster.",Low
"The application should perform better during operations.",Low
"The software should provide proper notifications.",Low
"The system should have sufficient storage capacity.",Low
"The application should be simple for customers.",Low
"The software should allow better searching.",Low
"The system should support many operating systems.",Low
"The application should have appropriate validation.",Low
"The software should provide efficient communication.",Low
"The system should respond as soon as possible.",Low
"The application should be user friendly and efficient.",Low
"The software should work properly under pressure.",Low
"The system should provide enough scalability.",Low
"The application should improve customer satisfaction.",Low
"The software should support better monitoring.",Low
"The system should have good performance.",Low
"The application should support different browsers.",Low
"The software should process requests in a fast way.",Low
"The system should provide proper backup facilities.",Low
"The application should support large organizations.",Low
"The software should have better accessibility.",Low
"The system should allow many reports.",Low
"The application should improve productivity.",Low
"The software should have simple workflows.",Low
"The system should provide good authentication methods.",Low
"The application should work correctly in all situations.",Low
"The software should be appropriate for educational institutions.",Low
"The system should provide sufficient documentation.",Low
"The application should support enough transactions.",Low
"The software should have good response.",Low
"The system should work smoothly with databases.",Low
"The application should provide efficient data processing.",Low
"Thesoftware should have proper flexibility.",Low
"The system should support quick report generation.",Low
"The application should have good maintainability.",Low
"The software should support better integration.",Low
"The system should improve overall efficiency.",Low
"The application should provide large storage.",Low
"The software should have better availability.",Low
"The system should respond quickly to users.",Low
"The application should provide enough functionality.",Low
"The software should work well for companies.",Low
"The system should support proper synchronization.",Low
"The application should have suitable recovery features.",Low
"The software should perform well in most cases.",Low
"The system shall automatically send email notifications after successful account registration.",High
"The system shall allow users to securely change their passwords every 90 days.",High
"The system shall generate quarterly financial statements in PDF format.",High
"The system shall verify digital signatures before document approval.",High
"The system shall encrypt all sensitive user information before database storage.",High
"The system shall allow administrators to configure system parameters.",High
"The system shall support automatic database failover during server outages.",High
"The system shall maintain application logs for a minimum of seven years.",High
"The system shall notify administrators when server CPU utilization exceeds 90%.",High
"The system shall allow customers to save multiple delivery addresses.",High
"The system shall validate coupon codes before applying discounts.",High
"The system shall automatically calculate taxes based on customer location.",High
"The system shall allow managers to review employee performance reports.",High
"The system shall securely store uploaded medical documents.",High
"The system shall allow patients to download laboratory reports.",High
"The system shall generate appointment reminders 24 hours before scheduled visits.",High
"The system shall verify product availability before order confirmation.",High
"The system shall automatically cancel unpaid orders after 30 minutes.",High
"The system shall allow administrators to restore deleted records from backup.",High
"The system shall maintain detailed payment transaction logs.",High
"The system shall allow users to filter search results using multiple criteria.",High
"The system shall process online booking requests within 2 seconds.",High
"The system shall provide dashboard statistics for administrators.",High
"The system shall restrict login attempts to five unsuccessful attempts.",High
"The system shall lock user accounts for 30 minutes after repeated failed logins.",High
"The system shall allow customers to download GST invoices.",High
"The system shall automatically synchronize inventory across all warehouses.",High
"The system shall maintain version history for edited documents.",High
"The system shall allow faculty members to publish course announcements.",High
"The system shall notify students about timetable changes.",High
"The system shall validate barcode information before product checkout.",High
"The system shall support biometric authentication for mobile devices.",High
"The system shall encrypt API communication using TLS 1.3.",High
"The system shall provide 24×7 system availability.",High
"The system shall generate payroll slips automatically every month.",High
"The system shall allow HR staff to approve employee leave requests.",High
"The system shall verify uploaded resumes before recruitment processing.",High
"The system shall maintain separate audit logs for administrator activities.",High
"The system shall automatically generate invoice numbers sequentially.",High
"The system shall allow users to print transaction receipts.",High
"The system shall securely archive inactive customer records.",High
"The system shall support password complexity requirements.",High
"The system shall validate mandatory document attachments before submission.",High
"The system shall generate project completion reports automatically.",High
"The system shall notify warehouse staff when stock reaches reorder level.",High
"The system shall securely transfer files between servers using SFTP.",High
"The system shall maintain response time below three seconds under normal load.",High
"The system shall support automatic software updates.",High
"The system shall verify administrator identity before system configuration changes.",High
"The system shall generate yearly analytics reports.",High
"The software should provide better user experience.",Low
"The application should work faster than before.",Low
"The system should support enough employees.",Low
"The software should provide good reporting.",Low
"The application should process requests properly.",Low
"The system should be suitable for hospitals.",Low
"The software should support better performance.",Low
"The application should offer simple navigation.",Low
"The system should have appropriate backup.",Low
"The software should provide good response time.",Low
"The application should support many branches.",Low
"The system should be easy to maintain.",Low
"The software should work correctly most of the time.",Low
"The application should improve overall efficiency.",Low
"The system should provide proper documentation.",Low
"The software should support quick login.",Low
"The application should have enough security.",Low
"The system should generate reports quickly.",Low
"The software should be user friendly.",Low
"The application should provide better monitoring.",Low
"The system should work efficiently.",Low
"Thesoftware should provide sufficient storage.",Low
"The application should support more customers.",Low
"The system should perform better during peak traffic.",Low
"The software should offer simple account management.",Low
"The application should support large databases.",Low
"The system should provide better notifications.",Low
"The software should have good authentication.",Low
"The application should process data fast.",Low
"The system should provide enough reliability.",Low
"The software should support flexible configuration.",Low
"The application should work smoothly on all systems.",Low
"The system should provide many useful reports.",Low
"The software should improve system availability.",Low
"The application should be suitable for educational institutes.",Low
"The system should support large numbers of users.",Low
"The software should have better recovery.",Low
"The application should support proper synchronization.",Low
"The system should provide good scalability.",Low
"The software should work properly in different environments.",Low
"The application should improve communication.",Low
"The system should support enough storage.",Low
"The software should have good flexibility.",Low
"The application should perform efficiently.",Low
"The system should provide quick access.",Low
"The software should support different platforms.",Low
"The application should be appropriate for businesses.",Low
"The system should process transactions quickly.",Low
"The software should provide good maintenance support.",Low
"The application should have simple functionality.",Low
"The system shall automatically notify customers when their order has been shipped.",High
"The system shall allow administrators to suspend user accounts securely.",High
"The system shall validate user input before storing records in the database.",High
"The system shall encrypt payment information using AES-256 encryption.",High
"The system shall generate weekly customer activity reports.",High
"The system shall allow users to download transaction history in CSV format.",High
"The system shall maintain server uptime of at least 99.95%.",High
"The system shall automatically remove expired session tokens.",High
"The system shall support secure password reset using email verification.",High
"The system shall allow customers to submit product reviews.",High
"The system shall maintain a complete history of account changes.",High
"The system shall generate backup reports after every successful backup.",High
"The system shall allow users to search products using keywords.",High
"The system shall notify administrators about failed backup operations.",High
"The system shall allow employees to update personal information.",High
"The system shall verify customer identity before processing refunds.",High
"The system shall automatically generate unique customer IDs.",High
"The system shall allow administrators to configure email notification settings.",High
"The system shall securely store employee payroll information.",High
"The system shall support automatic recovery after unexpected shutdowns.",High
"The system shall generate monthly inventory valuation reports.",High
"The system shall allow customers to track delivery status in real time.",High
"The system shall restrict confidential reports to authorized managers only.",High
"The system shall verify uploaded PDF documents before processing.",High
"The system shall maintain encrypted backups in cloud storage.",High
"The system shall allow users to update profile pictures securely.",High
"The system shall generate purchase order reports daily.",High
"The system shall allow doctors to access patient records based on assigned departments.",High
"The system shall notify users before account passwords expire.",High
"The system shall automatically detect duplicate customer records.",High
"The system shall allow administrators to export audit logs.",High
"The system shall validate employee IDs before attendance submission.",High
"The system shall support simultaneous access by 2500 users.",High
"The system shall allow customers to cancel appointments online.",High
"The system shall maintain transaction consistency during payment processing.",High
"The system shall notify warehouse managers about low stock levels.",High
"The system shall verify OTP codes before account activation.",High
"The system shall allow teachers to upload examination schedules.",High
"The system shall generate automatic reminders for pending approvals.",High
"The system shall securely delete temporary authentication tokens after logout.",High
"The system shall allow users to sort reports by date and category.",High
"The system shall maintain role-based permissions for every module.",High
"The system shall encrypt customer passwords before storage.",High
"The system shall automatically archive completed financial records.",High
"The system shall support secure API communication using HTTPS.",High
"The system shall validate invoice details before payment confirmation.",High
"The system shall generate attendance summaries every month.",High
"The system shall allow users to securely log out from all active sessions.",High
"The system shall maintain detailed security event logs.",High
"The system shall support scheduled database optimization every week.",High
"The system should provide better security for users.",Low
"The application should be fast and efficient.",Low
"The software should work properly in every situation.",Low
"The system should support enough reports.",Low
"The application should improve performance.",Low
"The software should provide good reliability.",Low
"The system should have better backup facilities.",Low
"The application should support many customers.",Low
"The software should provide simple account management.",Low
"The system should respond quickly under heavy load.",Low
"The application should have appropriate validation.",Low
"Thesoftware should provide good scalability.",Low
"The system should support many file uploads.",Low
"The application should improve user satisfaction.",Low
"The software should process requests efficiently.",Low
"The system should have proper documentation.",Low
"The application should work correctly on all devices.",Low
"The software should support better communication.",Low
"The system should have enough storage space.",Low
"The application should provide good availability.",Low
"The software should support different business processes.",Low
"The system should perform well with many users.",Low
"The application should generate reports faster.",Low
"The software should provide proper notifications.",Low
"The system should support better recovery.",Low
"The application should work smoothly.",Low
"The software should provide sufficient authentication.",Low
"The system should support large organizations.",Low
"The application should improve overall productivity.",Low
"The software should be suitable for healthcare systems.",Low
"The system should support enough administrators.",Low
"The application should provide quick access.",Low
"The software should perform better during busy hours.",Low
"The system should support good monitoring.",Low
"The application should have simple user interfaces.",Low
"The software should provide flexible configuration.",Low
"The system should process transactions faster.",Low
"The application should support proper synchronization.",Low
"The software should improve reliability.",Low
"The system should be easy for operators.",Low
"The application should support many products.",Low
"The software should provide good logging.",Low
"The system should have appropriate recovery.",Low
"The application should work well for companies.",Low
"The software should support enough database capacity.",Low
"The system should provide quick notifications.",Low
"The application should improve accessibility.",Low
"The software should have better usability.",Low
"The system should provide proper maintenance.",Low
"The application should be suitable for future growth.",Low

